{
    "loss_list": [
        0.4291219592094421,
        0.276818060874939,
        0.24937793711821238,
        0.22495307624340058,
        0.21319427192211152,
        0.20904434621334075,
        0.20243397851785025,
        0.19169820249080657,
        0.18866837720076243,
        0.1824641893307368,
        0.1786254823207855,
        0.17407367924849193,
        0.17096965114275614,
        0.16599787672360738,
        0.16742186943689982,
        0.16096819241841634,
        0.1594436913728714,
        0.1554916779200236,
        0.1526524653037389,
        0.14995325406392415,
        0.14632721841335297,
        0.14505083163579305,
        0.1450032740831375,
        0.1476368506749471,
        0.14190644721190135,
        0.13814278244972228,
        0.1355974684158961,
        0.1343080808718999,
        0.13079452117284138,
        0.13176576395829517,
        0.12829746256271998,
        0.127389295399189,
        0.12581039369106292,
        0.12374939123789469,
        0.1245998760064443,
        0.11924758007129034,
        0.11868873387575149,
        0.11668327897787094,
        0.11510012298822403,
        0.11319254338741302
    ],
    "epochs": [
        1,
        2,
        3,
        4,
        5,
        6,
        7,
        8,
        9,
        10,
        11,
        12,
        13,
        14,
        15,
        16,
        17,
        18,
        19,
        20,
        21,
        22,
        23,
        24,
        25,
        26,
        27,
        28,
        29,
        30,
        31,
        32,
        33,
        34,
        35,
        36,
        37,
        38,
        39,
        40
    ],
    "batch_losses": [
        0.6074606776237488,
        0.5733665227890015,
        0.5244075059890747,
        0.47882285714149475,
        0.4808920621871948,
        0.40809518098831177,
        0.4102804958820343,
        0.4461859464645386,
        0.3999977707862854,
        0.3691069483757019,
        0.35432127118110657,
        0.35470321774482727,
        0.3552495837211609,
        0.36029237508773804,
        0.31364697217941284,
        0.3115062117576599,
        0.3206062316894531,
        0.285592257976532,
        0.2764750123023987,
        0.2685980200767517,
        0.2783038020133972,
        0.26972484588623047,
        0.25515657663345337,
        0.295065313577652,
        0.26956409215927124,
        0.24970564246177673,
        0.2671137750148773,
        0.2755139470100403,
        0.261319100856781,
        0.26802608370780945,
        0.27253738045692444,
        0.2771780490875244,
        0.24633657932281494,
        0.2504834234714508,
        0.255321204662323,
        0.25295770168304443,
        0.23594139516353607,
        0.23780550062656403,
        0.2686673700809479,
        0.24190935492515564,
        0.267180472612381,
        0.23420801758766174,
        0.23328837752342224,
        0.22602176666259766,
        0.24083246290683746,
        0.22481122612953186,
        0.21426703035831451,
        0.2271040976047516,
        0.2349008321762085,
        0.22383560240268707,
        0.22207430005073547,
        0.22075724601745605,
        0.214623361825943,
        0.2328166961669922,
        0.22974298894405365,
        0.2318682074546814,
        0.22182656824588776,
        0.23734508454799652,
        0.2222423255443573,
        0.21608057618141174,
        0.22485366463661194,
        0.22094810009002686,
        0.21416175365447998,
        0.2111882120370865,
        0.2084694802761078,
        0.21203170716762543,
        0.2262991964817047,
        0.20204241573810577,
        0.2046905905008316,
        0.21318477392196655,
        0.20999936759471893,
        0.20617899298667908,
        0.21904104948043823,
        0.2007972151041031,
        0.22402755916118622,
        0.21643927693367004,
        0.20491042733192444,
        0.20238348841667175,
        0.22665947675704956,
        0.19890658557415009,
        0.22097285091876984,
        0.20371335744857788,
        0.20191676914691925,
        0.22319670021533966,
        0.20443227887153625,
        0.20869854092597961,
        0.2001817524433136,
        0.20270158350467682,
        0.20675641298294067,
        0.21379569172859192,
        0.20377695560455322,
        0.22701668739318848,
        0.19203725457191467,
        0.19996969401836395,
        0.20413938164710999,
        0.2018432319164276,
        0.19155731797218323,
        0.19381846487522125,
        0.20713745057582855,
        0.21668678522109985,
        0.1973283588886261,
        0.201518252491951,
        0.1919899582862854,
        0.19987249374389648,
        0.20781739056110382,
        0.19166003167629242,
        0.20604383945465088,
        0.2024802416563034,
        0.18918566405773163,
        0.18933086097240448,
        0.19433388113975525,
        0.18494059145450592,
        0.18946735560894012,
        0.18804213404655457,
        0.18724149465560913,
        0.19724644720554352,
        0.19129571318626404,
        0.1936465948820114,
        0.19291672110557556,
        0.17764146625995636,
        0.18047168850898743,
        0.18271513283252716,
        0.1832607388496399,
        0.20410370826721191,
        0.18429718911647797,
        0.1957320272922516,
        0.18417766690254211,
        0.18753424286842346,
        0.17611035704612732,
        0.19276244938373566,
        0.1882883608341217,
        0.17981792986392975,
        0.20570869743824005,
        0.1762043982744217,
        0.20884107053279877,
        0.17601242661476135,
        0.16825345158576965,
        0.19108697772026062,
        0.17623336613178253,
        0.17746536433696747,
        0.17992186546325684,
        0.16964581608772278,
        0.197121724486351,
        0.17628546059131622,
        0.1881037950515747,
        0.1777046024799347,
        0.17123150825500488,
        0.204815074801445,
        0.19766253232955933,
        0.18541887402534485,
        0.17044150829315186,
        0.19396677613258362,
        0.18448524177074432,
        0.17336887121200562,
        0.16997221112251282,
        0.1816195696592331,
        0.18731294572353363,
        0.15984663367271423,
        0.16888688504695892,
        0.17704521119594574,
        0.17356765270233154,
        0.17616645991802216,
        0.19193850457668304,
        0.1834469586610794,
        0.18731680512428284,
        0.17940227687358856,
        0.17848706245422363,
        0.17300771176815033,
        0.17153461277484894,
        0.18668049573898315,
        0.1690296083688736,
        0.18543106317520142,
        0.16215817630290985,
        0.17393529415130615,
        0.16848428547382355,
        0.191119983792305,
        0.16341659426689148,
        0.17711159586906433,
        0.16059184074401855,
        0.1707145869731903,
        0.16690035164356232,
        0.17376941442489624,
        0.17672111093997955,
        0.19275513291358948,
        0.16996902227401733,
        0.16601067781448364,
        0.15761975944042206,
        0.1623503863811493,
        0.1863154172897339,
        0.172366663813591,
        0.16645950078964233,
        0.16434866189956665,
        0.1617031991481781,
        0.17246270179748535,
        0.17479276657104492,
        0.1522894948720932,
        0.15209494531154633,
        0.17119407653808594,
        0.16287514567375183,
        0.1580038219690323,
        0.1577872335910797,
        0.17719131708145142,
        0.17744874954223633,
        0.17474420368671417,
        0.17019537091255188,
        0.1630253791809082,
        0.15682926774024963,
        0.19413648545742035,
        0.15847942233085632,
        0.16367323696613312,
